topic,timeframe,positive,negative
Federal Home Loan Bank of San Francisco,weekly,"- The Federal Home Loan Bank of San Francisco awarded a $900,000 grant to support the Hafen Village project, providing 96 affordable housing units in Mesquite, Nevada.
- The Federal Home Loan Bank of San Francisco's Affordable Housing Program (AHP) is a funder of the North Housing Master Plan in Alameda County, which will create 586 affordable homes for low-income Alamedans.
- Travis Credit Union has joined the Federal Home Loan Bank of San Francisco 2024 WISH Program, which will match down payment grants for low-income homebuyers.","- Decrease in net income for the first quarter of 2024 compared to the same period in 2023.
- Decrease in net interest income."
Federal Home Loan Bank of San Francisco,monthly,"- The Federal Home Loan Bank of San Francisco has committed $13 million to its 2024 WISH matching grant program to provide downpayment assistance to lower-income families and individuals in Arizona, California, and Nevada.
- The Federal Home Loan Bank of San Francisco awarded a $900,000 grant to support the Hafen Village project, providing 96 affordable housing units in Mesquite, Nevada.
- The Federal Home Loan Bank of San Francisco's Affordable Housing Program (AHP) is a funder of the North Housing Master Plan in Alameda County, which will create 586 affordable homes for low-income Alamedans.","- The Federal Home Loan Bank of San Francisco provided significant advances to Silicon Valley Bank (SVB) before its failure, with SVB increasing its borrowings by 50% to $30 billion in the week leading up to its collapse.
- The Federal Home Loan Bank of San Francisco reported a decrease in net income for the first quarter of 2024 compared to the same period in 2023, primarily due to a decrease in net interest income."
Federal Home Loan Bank of San Francisco,quarterly,"- Change Lending, a CDFI, has been approved for membership in the Federal Home Loan Bank of San Francisco (FHLB-SF), enhancing its strength and reach to better serve low-income communities.
- The Federal Home Loan Bank of San Francisco will now accept mortgage collateral originated by lenders using VantageScore 4.0 credit scores, which considers rental payments and other data points not included in traditional scoring models, potentially increasing the number of creditworthy mortgage applicants and including underserved borrowers.
- The Federal Home Loan Bank of San Francisco has committed $13 million to its 2024 WISH matching grant program to provide downpayment assistance to lower-income families and individuals in Arizona, California, and Nevada.","- The Federal Home Loan Bank of San Francisco provided significant advances to Silicon Valley Bank (SVB) before its failure, with SVB increasing its borrowings by 50% to $30 billion in the week leading up to its collapse.
- The Federal Home Loan Bank of San Francisco reported a decrease in net income for the first quarter of 2024 compared to the same period in 2023, primarily due to a decrease in net interest income."
meta,weekly,"- Meta is investing heavily in open-source AI models like Llama 3, despite potential financial losses. The company believes open-source models will benefit AI developers, reduce costs, attract talent, and boost potential revenue.
- Meta is developing Project Nazare, its first true AR glasses, which will provide an immersive experience with a wide field of view. AI advancements have enabled breakthroughs in camera sensor miniaturization, SLAM enhancement, and visual learning capabilities, enhancing the glasses' processing power and capabilities.
- Meta Platforms Inc. reported strong revenue growth and solid operational income in its latest 10-Q filing. Despite competition, Meta continues to innovate and invest in future technologies, including the metaverse. Brand strength and user engagement remain crucial to Meta's market dominance, but regulatory challenges and privacy concerns pose threats.","- Meta's stock price plummeted after the company's earnings call, causing Mark Zuckerberg's net worth to drop by $18 billion. Meta beat revenue and profit expectations but provided a weaker-than-expected revenue forecast.
- Meta's stock plunged 10% after weak revenue guidance overshadowed its Q1 earnings beat. Despite exceeding earnings and revenue expectations, the company's spending on AI and mixed reality, which are not yet profitable, raised concerns.
- Meta's stock fell 10% after CEO Mark Zuckerberg announced increased AI investments, estimated to cost billions. Despite beating earnings expectations, Meta's AI spending raised concerns among investors, with CFO Susan Li indicating further increases in the future."
meta,monthly,"- Meta Platforms Inc. plans to introduce its virtual reality headset in classrooms, allowing students as young as 13 to experience virtual field trips to historical sites and museums. This initiative comes amidst congressional scrutiny over the lack of online protections for children on social media platforms.
- Meta Platforms Inc.'s new large language model, Llama 3, has surpassed other AI models in benchmark tests. The new model is expected to be available to cloud providers like Amazon.com Inc.'s Amazon Web Services (AWS) soon.
- Meta Platforms Inc.'s plans to increase spending on artificial intelligence were met with disapproval from investors.","- Meta's AI chatbot responded to a parenting group query about gifted and talented programs, claiming to have a child in the program. The AI's response, flagged as a hallucination, sparked concerns about the reliability of AI-generated content on social media. Meta acknowledged the issue, stating that its AI features are still in development and may produce inaccurate or inappropriate outputs.
- Meta's Oversight Board is investigating how Instagram and Facebook handle AI-generated explicit images. The cases involve images of public figures in India and the US that were not initially detected or removed by Meta's systems. The board is seeking public comments on the issue and will publish its findings in the future.
- Meta's ""pay or okay"" model, where users pay to opt out of targeted advertising, has been deemed invalid by the EU's Data Protection Board. The board found that this binary choice does not meet the legal requirements for valid consent under data protection law."
meta,quarterly,"- Meta Platforms Inc. plans to introduce its virtual reality headset in classrooms, allowing students as young as 13 to experience virtual field trips to historical sites and museums. This initiative comes amidst congressional scrutiny over the lack of online protections for children on social media platforms.
- Meta Platforms Inc.'s plans to increase spending on artificial intelligence were met with disapproval from investors.
- Meta Platforms Inc.'s new large language model, Llama 3, has surpassed other AI models in benchmark tests. The new model is expected to be available to cloud providers like Amazon.com Inc.'s Amazon Web Services (AWS) soon.","- Meta's AI chatbot responded to a parenting group query about gifted and talented programs, claiming to have a child in the program. The AI's response, flagged as a hallucination, sparked concerns about the reliability of AI-generated content on social media. Meta acknowledged the issue, stating that its AI features are still in development and may produce inaccurate or inappropriate outputs.
- Meta's Oversight Board is investigating how Instagram and Facebook handle AI-generated explicit images. The cases involve images of public figures in India and the US that were not initially detected or removed by Meta's systems. The board is seeking public comments on the issue and will publish its findings in the future.
- Meta's Russian disinformation campaign, Doppelganger, has reached more people than previously estimated, targeting European farmers and fueling anti-Ukraine sentiment. Despite EU content moderation requirements, over 65% of political posts were not labeled and less than 5% were removed. Meta downplays concerns, claiming a decline in Russian disinformation."
First Republic Bank,weekly,"- Republic First Bank's assets have been assumed by Fulton Bank, ensuring the continuity of banking services for its customers.
- JTC's acquisition of First Republic Trust Company of Delaware will expand its trust administration services and add approximately $9 billion of assets under administration.","- Gary Farro, a former senior managing director at First Republic Bank, testified about his involvement in a $130,000 hush-money payment made by Michael Cohen, Trump's former lawyer, to Stormy Daniels.
- First Republic Bank received emails from Farro's assistant regarding Michael Cohen's request to open an LLC account for Resolution Consultants LLC, a Delaware entity created by Cohen. The account was intended for ""capital real estate"" and checks were requested without addresses.
- Banker Gary Farro testified that Michael Cohen requested the creation of Resolution Consultants LLC and Essential Consultants LLC through First Republic Bank. Resolution Consultants LLC was intended for a payment to AMI for Karen McDougal's story, while Essential Consultants LLC was used to transfer funds to Stormy Daniels' lawyer."
First Republic Bank,monthly,"- Bob Thornton, former President of Private Wealth Management at First Republic Bank, joined Summit Partners as an Executive in Residence, indicating the bank's strong reputation and the value of its executives.
- JPMorgan Chase's acquisition of First Republic Bank in 2023 stabilized the U.S. banking system, demonstrating the bank's financial strength and stability.
- Citizens Financial Group is actively recruiting top wealth managers from First Republic Bank, highlighting the bank's reputation for attracting and retaining talented professionals.","- First Republic Bank's failure in May 2023 was the second largest in US history, caused by rising interest rates and a subsequent stock crash.
- Bay Area office landlords have filed lawsuits against the FDIC for lowball offers to settle unpaid rent claims against First Republic Bank.
- Republic First Bank, a regional lender with $6 billion in assets, failed and was seized by the FDIC, costing the deposit insurance fund $667 million."
First Republic Bank,quarterly,"- Bob Thornton, former President of Private Wealth Management at First Republic Bank, joined Summit Partners as an Executive in Residence, indicating the bank's continued commitment to attracting top talent.
- JPMorgan Chase's acquisition of First Republic Bank in 2023 stabilized the U.S. banking system, adding $2 billion to JPMorgan's annual revenue and strengthening its position in the industry.
- JTC's planned acquisition of First Republic Trust Company of Delaware (FRTC-DE) will expand JTC's trust administration services and provide access to approximately $9 billion of assets under administration.","- JP Morgan acquired First Republic Bank last year, preventing its receivership. Despite this, JP Morgan has announced the closure of 31 First Republic branches, primarily in the Bay Area, due to low transaction volumes. The closures will reduce the number of First Republic branches to 53, which will eventually be absorbed into the Chase ecosystem.

- Bay Area office landlords have filed lawsuits against the FDIC for lowball offers to settle unpaid rent claims against First Republic Bank, which collapsed in May 2023. The FDIC has approved payouts totaling $1.5 million out of $48.3 million in claims, leading to lawsuits from landlords in Walnut Creek, Noe Valley, and Greenbrae.

- Republic First Bank, a regional lender with $6 billion in assets, has failed and been seized by the FDIC. Fulton Bank will assume most of its deposits and assets, and its branches will reopen as Fulton Bank branches. The failure is expected to cost the deposit insurance fund $667 million and is the first FDIC-insured institution to fail in the U.S. this year."
fannie mae,weekly,"- Fannie Mae promotes equitable and sustainable access to homeownership and affordable rental housing in America.
- Fannie Mae's training emphasizes guiding delinquent borrowers through loss mitigation options effectively, helping homeowners retain homes and pursue financial stability.
- Fannie Mae's annual update to the 2022-2024 Equitable Housing Finance Plan outlines 23 specific actions to expand and scale its efforts in addressing housing disparities faced by historically underserved consumers and communities.","- Fannie Mae predicts a modest decline in multifamily housing starts through 2025.
- The CFPB found that some servicers improperly charged property inspection fees on Fannie Mae loans, in contravention of the Fannie Mae Servicing Guidelines.
- The CFPB found that mortgage servicers charged property inspection fees on Fannie Mae loans that were prohibited by Fannie Mae guidelines, causing ""substantial injury"" to hundreds of borrowers."
fannie mae,monthly,"- Fannie Mae is selling agency mortgage-backed securities designed to appeal to socially minded investors, focusing on mortgages for affordable rental housing and borrowers in rural areas with high poverty levels.
- Fannie Mae purchased over 136,000 mortgages for low- and moderate-income homebuyers through HomeReady and Home Possible programs, adding enhancements like a $2,500 credit for very low-income borrowers.
- Fannie Mae predicts a gradual decrease in mortgage rates over the next 18 months, with a projection of 6.0% by the end of 2025.","- Fannie Mae's Home Purchase Sentiment Index declined in March due to increased pessimism about mortgage rates, with 34% of consumers expecting rates to rise.
- A study by Harvard and Columbia universities and the Federal Reserve found that Demotech's financial stability ratings for Florida property insurance companies are not as rigorous as those of other rating agencies.
- The CFPB found that mortgage servicers charged property inspection fees on Fannie Mae loans that were prohibited by Fannie Mae guidelines, causing ""substantial injury"" to hundreds of borrowers."
fannie mae,quarterly,"- Fannie Mae's HomeReady program offers increased homeownership access for low-income borrowers with a low down payment and flexible financing. A new $2,500 credit assists with down payment and closing costs. Lenders benefit from locked margins, reduced hedging costs, and an enhanced best efforts commitment with competitive pricing.
- Fannie Mae's 2023 STAR Program recognized 32 mortgage servicers for their performance in General Servicing, Solution Delivery, and Timeline Management. The program aims to improve the housing industry by promoting servicing knowledge and excellence.
- Fannie Mae's April commentary highlights the potential for converting commercial properties to residential uses to address housing shortages. Adaptive reuse and redevelopment approaches are discussed, with factors such as acquisition cost, market demand, and building suitability influencing success. Fannie Mae estimates commercial conversions will contribute about 4% of new housing in the coming years, primarily through redevelopment rather than adaptive reuse.","- Fannie Mae's Home Purchase Sentiment Index declined in March, indicating potential home buyers are adjusting to higher mortgage rates.
- Fannie Mae's proposed pilot program to waive title insurance on refinances raises concerns about increased market risk and Fannie Mae's expansion beyond its mission.
- The CFPB found that mortgage servicers charged property inspection fees on Fannie Mae loans that were prohibited by Fannie Mae guidelines, causing ""substantial injury"" to hundreds of borrowers."
apple company,weekly,"- Apple Inc. reported $2.18 earnings per share (EPS) for the quarter, beating the consensus estimate of $2.09 by $0.09.
- Analysts have set new price targets for AAPL, with an average target price of $203.05 and a consensus rating of ""Moderate Buy.""
- Apple recently declared a quarterly dividend with a yield of 0.57%.","- The Congolese government accuses Apple of using illegally exploited minerals from Congolese mines in its products, where human rights violations occur.
- Apple is reportedly in talks with OpenAI to integrate ChatGPT-like AI capabilities into iOS 18. While Apple has its own AI models in development, it is seeking strategic alliances to enhance its AI offerings. Negotiations with Google for Gemini and Baidu for China are also underway. The new AI features are expected to be unveiled at WWDC 2024 alongside the release of iOS 18 and the iPhone 16.
- Apple Inc. experienced a 6.3% decline in short interest in April, with a short-interest ratio of 1.7 days. Insiders sold 366,271 shares in the last quarter, while institutional investors increased their holdings by 60.41%. Analysts have set price targets ranging from $166.00 to $232.00, with an average rating of ""Moderate Buy."" Apple's quarterly earnings beat estimates, with revenue of $119.60 billion and EPS of $2.18."
apple company,monthly,"- Apple is investing in renewable energy in India through a joint venture with CleanMax, with six rooftop solar projects totaling 14.4 megawatts to power its operations. The company is also working on water security in Telangana and Maharashtra, committing over $8 million to replenish fresh water in high-stress watersheds.
- Apple plans to invest $250 million to expand its Singapore campus, creating space for growth and new roles in AI and other key functions. The expansion will bring three buildings together to foster greater collaboration for Apple's growing teams.
- Apple CEO Tim Cook met with Indonesian President Joko Widodo to discuss manufacturing in Indonesia. Apple is looking to diversify its supply chains away from China and has already invested in Vietnam and India. Cook also announced Apple's fourth Apple Developer Academy in Indonesia, to be located in Bali.","- Apple has reportedly terminated more than 600 employees in California this month due to the company's decision to wrap up its car and smartwatch display projects.


- Apple's smartphone shipments declined by 10% in Q1 2024 due to competition from Android makers. Samsung regained the top spot with 20.8% market share, while Apple dropped to second with 17.3%.


- Apple scrapped hundreds of thousands of working iPhones to prevent competition with new models, contradicting its environmental claims. Despite a lawsuit against the contractor responsible, Apple has dropped the case, potentially due to negative publicity."
apple company,quarterly,"- Apple is investing in renewable energy in India through a joint venture with CleanMax, with six rooftop solar projects totaling 14.4 megawatts to power its operations. The company is also working on water security in Telangana and Maharashtra, committing over $8 million to replenish fresh water in high-stress watersheds.
- Apple plans to invest $250 million to expand its Singapore campus, creating space for growth and new roles in AI and other key functions. The expansion will bring three buildings together to foster greater collaboration for Apple's growing teams.
- Apple CEO Tim Cook met with Indonesian President Joko Widodo to discuss manufacturing in Indonesia. Apple is looking to diversify its supply chains away from China and has already invested in Vietnam and India. Cook also announced Apple's fourth Apple Developer Academy in Indonesia, to be located in Bali.","- Apple has reportedly terminated more than 600 employees in California this month due to the company's decision to wrap up its car and smartwatch display projects.


- Apple's smartphone shipments declined by 10% in Q1 2024 due to competition from Android makers. Samsung regained the top spot with 20.8% market share, while Apple dropped to second with 17.3%.


- Apple scrapped hundreds of thousands of working iPhones to prevent competition with new models, contradicting its environmental claims. Despite a lawsuit against the contractor responsible, Apple has dropped the case, potentially due to negative publicity."
